<?xml version="1.0" encoding="UTF-8"?>
<project-private xmlns="http://www.netbeans.org/ns/project-private/1">
    <editor-bookmarks xmlns="http://www.netbeans.org/ns/editor-bookmarks/2" lastBookmarkId="0"/>
    <open-files xmlns="http://www.netbeans.org/ns/projectui-open-files/2">
        <group>
            <file>file:/C:/Users/Jhon/Documents/Universidad/4.%20Cuarto%20Semestre/Modelos%20de%20Programacion/Proyectos/Primer%20corte/EjerciciosPatrones(1er%20Corte)/EjerciciosFactory/PizzaFactory/src/co/edu/udistrital/model/abstracto/PizzaFactory.java</file>
            <file>file:/C:/Users/Jhon/Documents/Universidad/4.%20Cuarto%20Semestre/Modelos%20de%20Programacion/Proyectos/Primer%20corte/EjerciciosPatrones(1er%20Corte)/EjerciciosFactory/PizzaFactory/src/co/edu/udistrital/model/PizzaChampiñones.java</file>
            <file>file:/C:/Users/Jhon/Documents/Universidad/4.%20Cuarto%20Semestre/Modelos%20de%20Programacion/Proyectos/Primer%20corte/EjerciciosPatrones(1er%20Corte)/EjerciciosFactory/PizzaFactory/src/co/edu/udistrital/controller/ControllerPizza.java</file>
            <file>file:/C:/Users/Jhon/Documents/Universidad/4.%20Cuarto%20Semestre/Modelos%20de%20Programacion/Proyectos/Primer%20corte/EjerciciosPatrones(1er%20Corte)/EjerciciosFactory/PizzaFactory/src/co/edu/udistrital/controller/AplMain.java</file>
            <file>file:/C:/Users/Jhon/Documents/Universidad/4.%20Cuarto%20Semestre/Modelos%20de%20Programacion/Proyectos/Primer%20corte/EjerciciosPatrones(1er%20Corte)/EjerciciosFactory/PizzaFactory/src/co/edu/udistrital/model/concretoCreador/PizzaCreador.java</file>
            <file>file:/C:/Users/Jhon/Documents/Universidad/4.%20Cuarto%20Semestre/Modelos%20de%20Programacion/Proyectos/Primer%20corte/EjerciciosPatrones(1er%20Corte)/EjerciciosFactory/PizzaFactory/src/co/edu/udistrital/model/PizzaHawaiana.java</file>
            <file>file:/C:/Users/Jhon/Documents/Universidad/4.%20Cuarto%20Semestre/Modelos%20de%20Programacion/Proyectos/Primer%20corte/EjerciciosPatrones(1er%20Corte)/EjerciciosFactory/PizzaFactory/src/co/edu/udistrital/model/abstracto/Pizza.java</file>
            <file>file:/C:/Users/Jhon/Documents/Universidad/4.%20Cuarto%20Semestre/Modelos%20de%20Programacion/Proyectos/Primer%20corte/EjerciciosPatrones(1er%20Corte)/EjerciciosFactory/PizzaFactory/src/co/edu/udistrital/view/VistaConsola.java</file>
            <file>file:/C:/Users/Jhon/Documents/Universidad/4.%20Cuarto%20Semestre/Modelos%20de%20Programacion/Proyectos/Primer%20corte/EjerciciosPatrones(1er%20Corte)/EjerciciosFactory/PizzaFactory/src/co/edu/udistrital/model/PizzaPeperoni.java</file>
        </group>
    </open-files>
</project-private>
