<?xml version="1.0" encoding="UTF-8"?>
<project-private xmlns="http://www.netbeans.org/ns/project-private/1">
    <editor-bookmarks xmlns="http://www.netbeans.org/ns/editor-bookmarks/2" lastBookmarkId="0"/>
    <open-files xmlns="http://www.netbeans.org/ns/projectui-open-files/2">
        <group>
            <file>file:/C:/Users/Estudiantes/Downloads/EjerciciosPatrones(1er%20Corte)/EjerciciosAbstractFactory/ArteAbstractFactory/src/co/edu/udistrital/view/VistaConsola.java</file>
            <file>file:/C:/Users/Estudiantes/Downloads/EjerciciosPatrones(1er%20Corte)/EjerciciosAbstractFactory/ArteAbstractFactory/src/co/edu/udistrital/model/EsculturaModerna.java</file>
            <file>file:/C:/Users/Estudiantes/Downloads/EjerciciosPatrones(1er%20Corte)/EjerciciosAbstractFactory/ArteAbstractFactory/src/co/edu/udistrital/model/EsculturaClasica.java</file>
            <file>file:/C:/Users/Estudiantes/Downloads/EjerciciosPatrones(1er%20Corte)/EjerciciosAbstractFactory/ArteAbstractFactory/src/co/edu/udistrital/model/abstracto/ArteFactory.java</file>
            <file>file:/C:/Users/Estudiantes/Downloads/EjerciciosPatrones(1er%20Corte)/EjerciciosAbstractFactory/ArteAbstractFactory/src/co/edu/udistrital/model/abstracto/Escultura.java</file>
            <file>file:/C:/Users/Estudiantes/Downloads/EjerciciosPatrones(1er%20Corte)/EjerciciosAbstractFactory/ArteAbstractFactory/src/co/edu/udistrital/model/concretoCreador/ArteClasicoFactory.java</file>
            <file>file:/C:/Users/Estudiantes/Downloads/EjerciciosPatrones(1er%20Corte)/EjerciciosAbstractFactory/ArteAbstractFactory/src/co/edu/udistrital/model/concretoCreador/ArteModernoFactory.java</file>
            <file>file:/C:/Users/Estudiantes/Downloads/EjerciciosPatrones(1er%20Corte)/EjerciciosAbstractFactory/ArteAbstractFactory/src/co/edu/udistrital/model/PinturaClasica.java</file>
            <file>file:/C:/Users/Estudiantes/Downloads/EjerciciosPatrones(1er%20Corte)/EjerciciosAbstractFactory/ArteAbstractFactory/src/co/edu/udistrital/controller/Controller.java</file>
            <file>file:/C:/Users/Estudiantes/Downloads/EjerciciosPatrones(1er%20Corte)/EjerciciosAbstractFactory/ArteAbstractFactory/src/co/edu/udistrital/model/abstracto/Pintura.java</file>
            <file>file:/C:/Users/Estudiantes/Downloads/EjerciciosPatrones(1er%20Corte)/EjerciciosAbstractFactory/ArteAbstractFactory/src/co/edu/udistrital/controller/AplMain.java</file>
            <file>file:/C:/Users/Estudiantes/Downloads/EjerciciosPatrones(1er%20Corte)/EjerciciosAbstractFactory/ArteAbstractFactory/src/co/edu/udistrital/model/PinturaModerna.java</file>
        </group>
    </open-files>
</project-private>
