<?xml version="1.0" encoding="UTF-8"?>
<project-private xmlns="http://www.netbeans.org/ns/project-private/1">
    <editor-bookmarks xmlns="http://www.netbeans.org/ns/editor-bookmarks/2" lastBookmarkId="0"/>
    <open-files xmlns="http://www.netbeans.org/ns/projectui-open-files/2">
        <group>
            <file>file:/C:/Users/Estudiantes/Downloads/EjerciciosPatrones(1er%20Corte)/EjerciciosAbstractFactory/VehiculosAbstractFactory_1/src/co/edu/udistrital/model/concretoCreador/VehiculoCombustionFactory.java</file>
            <file>file:/C:/Users/Estudiantes/Downloads/EjerciciosPatrones(1er%20Corte)/EjerciciosAbstractFactory/VehiculosAbstractFactory_1/src/co/edu/udistrital/controller/Controller.java</file>
            <file>file:/C:/Users/Estudiantes/Downloads/EjerciciosPatrones(1er%20Corte)/EjerciciosAbstractFactory/VehiculosAbstractFactory_1/src/co/edu/udistrital/model/concretoCreador/VehiculoElectricoFactory.java</file>
            <file>file:/C:/Users/Estudiantes/Downloads/EjerciciosPatrones(1er%20Corte)/EjerciciosAbstractFactory/VehiculosAbstractFactory_1/src/co/edu/udistrital/model/CarroGasolina.java</file>
            <file>file:/C:/Users/Estudiantes/Downloads/EjerciciosPatrones(1er%20Corte)/EjerciciosAbstractFactory/VehiculosAbstractFactory_1/src/co/edu/udistrital/model/abstracto/Moto.java</file>
            <file>file:/C:/Users/Estudiantes/Downloads/EjerciciosPatrones(1er%20Corte)/EjerciciosAbstractFactory/VehiculosAbstractFactory_1/src/co/edu/udistrital/model/abstracto/VehiculoFactory.java</file>
            <file>file:/C:/Users/Estudiantes/Downloads/EjerciciosPatrones(1er%20Corte)/EjerciciosAbstractFactory/VehiculosAbstractFactory_1/src/co/edu/udistrital/model/MotoGasolina.java</file>
            <file>file:/C:/Users/Estudiantes/Downloads/EjerciciosPatrones(1er%20Corte)/EjerciciosAbstractFactory/VehiculosAbstractFactory_1/src/co/edu/udistrital/model/MotoElectrica.java</file>
            <file>file:/C:/Users/Estudiantes/Downloads/EjerciciosPatrones(1er%20Corte)/EjerciciosAbstractFactory/VehiculosAbstractFactory_1/src/co/edu/udistrital/controller/AplMain.java</file>
            <file>file:/C:/Users/Estudiantes/Downloads/EjerciciosPatrones(1er%20Corte)/EjerciciosAbstractFactory/VehiculosAbstractFactory_1/src/co/edu/udistrital/model/CarroElectrico.java</file>
            <file>file:/C:/Users/Estudiantes/Downloads/EjerciciosPatrones(1er%20Corte)/EjerciciosAbstractFactory/VehiculosAbstractFactory_1/src/co/edu/udistrital/view/VistaConsola.java</file>
            <file>file:/C:/Users/Estudiantes/Downloads/EjerciciosPatrones(1er%20Corte)/EjerciciosAbstractFactory/VehiculosAbstractFactory_1/src/co/edu/udistrital/model/abstracto/Carro.java</file>
        </group>
    </open-files>
</project-private>
