<?xml version="1.0" encoding="UTF-8"?>
<project-private xmlns="http://www.netbeans.org/ns/project-private/1">
    <editor-bookmarks xmlns="http://www.netbeans.org/ns/editor-bookmarks/2" lastBookmarkId="0"/>
    <open-files xmlns="http://www.netbeans.org/ns/projectui-open-files/2">
        <group>
            <file>file:/C:/Users/Estudiantes/Downloads/EjerciciosPatrones(1er%20Corte)/EjerciciosAbstractFactory/DispositivoAbstractFactory/src/co/edu/udistrital/model/ConsolaRetro.java</file>
            <file>file:/C:/Users/Estudiantes/Downloads/EjerciciosPatrones(1er%20Corte)/EjerciciosAbstractFactory/DispositivoAbstractFactory/src/co/edu/udistrital/model/abstracto/Juego.java</file>
            <file>file:/C:/Users/Estudiantes/Downloads/EjerciciosPatrones(1er%20Corte)/EjerciciosAbstractFactory/DispositivoAbstractFactory/src/co/edu/udistrital/model/concretoCreador/VideojuegoRetroFactory.java</file>
            <file>file:/C:/Users/Estudiantes/Downloads/EjerciciosPatrones(1er%20Corte)/EjerciciosAbstractFactory/DispositivoAbstractFactory/src/co/edu/udistrital/controller/Controller.java</file>
            <file>file:/C:/Users/Estudiantes/Downloads/EjerciciosPatrones(1er%20Corte)/EjerciciosAbstractFactory/DispositivoAbstractFactory/src/co/edu/udistrital/controller/AplMain.java</file>
            <file>file:/C:/Users/Estudiantes/Downloads/EjerciciosPatrones(1er%20Corte)/EjerciciosAbstractFactory/DispositivoAbstractFactory/src/co/edu/udistrital/view/VistaConsola.java</file>
            <file>file:/C:/Users/Estudiantes/Downloads/EjerciciosPatrones(1er%20Corte)/EjerciciosAbstractFactory/DispositivoAbstractFactory/src/co/edu/udistrital/model/JuegoModerno.java</file>
            <file>file:/C:/Users/Estudiantes/Downloads/EjerciciosPatrones(1er%20Corte)/EjerciciosAbstractFactory/DispositivoAbstractFactory/src/co/edu/udistrital/model/JuegoRetro.java</file>
            <file>file:/C:/Users/Estudiantes/Downloads/EjerciciosPatrones(1er%20Corte)/EjerciciosAbstractFactory/DispositivoAbstractFactory/src/co/edu/udistrital/model/abstracto/Consola.java</file>
            <file>file:/C:/Users/Estudiantes/Downloads/EjerciciosPatrones(1er%20Corte)/EjerciciosAbstractFactory/DispositivoAbstractFactory/src/co/edu/udistrital/model/concretoCreador/VideojuegoModernoFactory.java</file>
            <file>file:/C:/Users/Estudiantes/Downloads/EjerciciosPatrones(1er%20Corte)/EjerciciosAbstractFactory/DispositivoAbstractFactory/src/co/edu/udistrital/model/ConsolaModerna.java</file>
            <file>file:/C:/Users/Estudiantes/Downloads/EjerciciosPatrones(1er%20Corte)/EjerciciosAbstractFactory/DispositivoAbstractFactory/src/co/edu/udistrital/model/abstracto/VideojuegoFactory.java</file>
        </group>
    </open-files>
</project-private>
