<?xml version="1.0" encoding="UTF-8"?>
<project-private xmlns="http://www.netbeans.org/ns/project-private/1">
    <editor-bookmarks xmlns="http://www.netbeans.org/ns/editor-bookmarks/2" lastBookmarkId="0"/>
    <open-files xmlns="http://www.netbeans.org/ns/projectui-open-files/2">
        <group>
            <file>file:/C:/Users/Jhon/Documents/Universidad/4.%20Cuarto%20Semestre/Modelos%20de%20Programacion/Proyectos/Tercer%20corte/EjerciciosPaginaFinal/Ejercicios_Chain/Reembolso_Chain/src/model/ReimbursementRequest.java</file>
            <file>file:/C:/Users/Jhon/Documents/Universidad/4.%20Cuarto%20Semestre/Modelos%20de%20Programacion/Proyectos/Tercer%20corte/EjerciciosPaginaFinal/Ejercicios_Chain/Reembolso_Chain/src/handlers/ApprovalHandler.java</file>
            <file>file:/C:/Users/Jhon/Documents/Universidad/4.%20Cuarto%20Semestre/Modelos%20de%20Programacion/Proyectos/Tercer%20corte/EjerciciosPaginaFinal/Ejercicios_Chain/Reembolso_Chain/src/handlers/DirectorHandler.java</file>
            <file>file:/C:/Users/Jhon/Documents/Universidad/4.%20Cuarto%20Semestre/Modelos%20de%20Programacion/Proyectos/Tercer%20corte/EjerciciosPaginaFinal/Ejercicios_Chain/Reembolso_Chain/src/handlers/VPHandler.java</file>
            <file>file:/C:/Users/Jhon/Documents/Universidad/4.%20Cuarto%20Semestre/Modelos%20de%20Programacion/Proyectos/Tercer%20corte/EjerciciosPaginaFinal/Ejercicios_Chain/Reembolso_Chain/src/handlers/ManagerHandler.java</file>
            <file>file:/C:/Users/Jhon/Documents/Universidad/4.%20Cuarto%20Semestre/Modelos%20de%20Programacion/Proyectos/Tercer%20corte/EjerciciosPaginaFinal/Ejercicios_Chain/Reembolso_Chain/src/utils/RequestType.java</file>
            <file>file:/C:/Users/Jhon/Documents/Universidad/4.%20Cuarto%20Semestre/Modelos%20de%20Programacion/Proyectos/Tercer%20corte/EjerciciosPaginaFinal/Ejercicios_Chain/Reembolso_Chain/src/handlers/Main.java</file>
        </group>
    </open-files>
</project-private>
