<?xml version="1.0" encoding="UTF-8"?>
<project-private xmlns="http://www.netbeans.org/ns/project-private/1">
    <editor-bookmarks xmlns="http://www.netbeans.org/ns/editor-bookmarks/2" lastBookmarkId="0"/>
    <open-files xmlns="http://www.netbeans.org/ns/projectui-open-files/2">
        <group>
            <file>file:/C:/Users/Jhon/Documents/Universidad/4.%20Cuarto%20Semestre/Modelos%20de%20Programacion/Proyectos/Tercer%20corte/EjerciciosPaginaFinal/Ejercicios_Bridge/DeviceBridge/src/co/edu/udistrital/model/ControlAvanzado.java</file>
            <file>file:/C:/Users/Jhon/Documents/Universidad/4.%20Cuarto%20Semestre/Modelos%20de%20Programacion/Proyectos/Tercer%20corte/EjerciciosPaginaFinal/Ejercicios_Bridge/DeviceBridge/src/co/edu/udistrital/model/Proyector.java</file>
        </group>
    </open-files>
</project-private>
