<?xml version="1.0" encoding="UTF-8"?>
<project-private xmlns="http://www.netbeans.org/ns/project-private/1">
    <editor-bookmarks xmlns="http://www.netbeans.org/ns/editor-bookmarks/2" lastBookmarkId="0"/>
    <open-files xmlns="http://www.netbeans.org/ns/projectui-open-files/2">
        <group>
            <file>file:/C:/Users/Jhon/Documents/Universidad/4.%20Cuarto%20Semestre/Modelos%20de%20Programacion/Proyectos/Primer%20corte/EjerciciosPatrones(1er%20Corte)/EjerciciosFactory/ClimaFactory/src/co/edu/udistrital/model/ClimaTemplado.java</file>
            <file>file:/C:/Users/Jhon/Documents/Universidad/4.%20Cuarto%20Semestre/Modelos%20de%20Programacion/Proyectos/Primer%20corte/EjerciciosPatrones(1er%20Corte)/EjerciciosFactory/ClimaFactory/src/co/edu/udistrital/model/abstracto/ClimaFactory.java</file>
            <file>file:/C:/Users/Jhon/Documents/Universidad/4.%20Cuarto%20Semestre/Modelos%20de%20Programacion/Proyectos/Primer%20corte/EjerciciosPatrones(1er%20Corte)/EjerciciosFactory/ClimaFactory/src/co/edu/udistrital/controller/AplMain.java</file>
            <file>file:/C:/Users/Jhon/Documents/Universidad/4.%20Cuarto%20Semestre/Modelos%20de%20Programacion/Proyectos/Primer%20corte/EjerciciosPatrones(1er%20Corte)/EjerciciosFactory/ClimaFactory/src/co/edu/udistrital/model/concretoCreador/ClimaCreador.java</file>
            <file>file:/C:/Users/Jhon/Documents/Universidad/4.%20Cuarto%20Semestre/Modelos%20de%20Programacion/Proyectos/Primer%20corte/EjerciciosPatrones(1er%20Corte)/EjerciciosFactory/ClimaFactory/src/co/edu/udistrital/model/ClimaCalido.java</file>
            <file>file:/C:/Users/Jhon/Documents/Universidad/4.%20Cuarto%20Semestre/Modelos%20de%20Programacion/Proyectos/Primer%20corte/EjerciciosPatrones(1er%20Corte)/EjerciciosFactory/ClimaFactory/src/co/edu/udistrital/model/ClimaFrio.java</file>
            <file>file:/C:/Users/Jhon/Documents/Universidad/4.%20Cuarto%20Semestre/Modelos%20de%20Programacion/Proyectos/Primer%20corte/EjerciciosPatrones(1er%20Corte)/EjerciciosFactory/ClimaFactory/src/co/edu/udistrital/controller/Controller.java</file>
            <file>file:/C:/Users/Jhon/Documents/Universidad/4.%20Cuarto%20Semestre/Modelos%20de%20Programacion/Proyectos/Primer%20corte/EjerciciosPatrones(1er%20Corte)/EjerciciosFactory/ClimaFactory/src/co/edu/udistrital/view/VistaConsola.java</file>
            <file>file:/C:/Users/Jhon/Documents/Universidad/4.%20Cuarto%20Semestre/Modelos%20de%20Programacion/Proyectos/Primer%20corte/EjerciciosPatrones(1er%20Corte)/EjerciciosFactory/ClimaFactory/src/co/edu/udistrital/model/abstracto/Clima.java</file>
        </group>
    </open-files>
</project-private>
